,Precision_RF,Precision_DT,Precision_LR,Precision_SVM
0,0.5079092814941872,0.5063660477453581,0.5252360048586102,0.5193647801406422
